OTR and Local Truck Driver Jobs! Up to $7,500 Sign-On Bonuses!	Warren	MI	US	42.47754	-83.0277
Great OTR and Local Truck Drivers! Benefits, Home Time and Bonus Pay!	Taylorsville	UT	US	40.66772	-111.93883
Loan Production Assistant	Minneapolis	MN	US	44.97997	-93.26384
►Mortgage / Real Estate Professionals - Increase Your Business	Knoxville	TN	US	35.96064	-83.92074
Verizon Sales Representative	East Brunswick	NJ	US	40.42788	-74.41598
Dosimetrist- Therapeutic Radiologic	San Antonio	TX	US	29.42412	-98.49363
NO TELEMARKETING - Team Lead - Sales & Marketing	Miami	FL	US	25.77427	-80.19366
CDL Truck Driver - Regional Home Weekly or Daily - Excellent Pay	Waukegan	IL	US	42.36363	-87.84479
FASHION / COSMETICS: Marketing. Advertising. Sales.	Pleasanton	CA	US	37.66243	-121.87468
Target Mobile Wirless Team Member	Dearborn Heights	MI	US	42.33698	-83.27326
Highway /Bridge Design Engineer	Memphis	TN	US	35.14953	-90.04898
Business Intelligence Manager – COGNOS, ETL, EIM - Houston, TX	Houston	TX	US	29.76328	-95.36327
Java/JavaScript Developer NYC 01062014	New York	NY	US	40.71427	-74.00597
CDL A & B Truck Drivers Needed	Bronx	NY	US	40.8373	-73.886
Life Insurance Agent	Nashville	TN	US	36.16589	-86.78444
Business Development Professional	Newark	DE	US	39.68372	-75.74966
CDL Truck Driver - Flex Home Time - Immediate Opportunities	Hattiesburg	MS	US	31.32712	-89.29034
SIGN ON BONUSES! TMC Transportation Hiring CDL OTR Truck Drivers	Portsmouth	VA	US	36.83543	-76.29827
Arthritis Research Studies – Up to $500 Compensation	Fargo	ND	US	46.87719	-96.7898
Owner Operator - Class A - Excellent Pay - Great Home Time!	Chicopee	MA	US	42.17256	-72.59491
WE NEED DRIVERS! CDL CLASS A DRIVER NEEDED!	Woodbine	MD	US	39.335671	-77.06364
Community Coordinator-International Students	Fordyce	NE	US	42.750269	-97.3801
CNA Needed in Siler NC	Siler City	NC	US	35.72347	-79.46224
Truck Drivers - Ready to Own Your Own Truck? Hirschbach Hiring!	Greenwood	SC	US	34.1954	-82.16179
Outside Sales Representative	Newark	DE	US	39.68372	-75.74966
ASSISTANT STORE MANAGER	Pennsylvania	PA	US	41.0	-77.5
District Loss Prevention Manager- Northeast	New York	NY	US	40.71427	-74.00597
☆ ☆ Class A CDL Drivers Needed ☆ ☆	Columbus	OH	US	39.96118	-82.99879
Manager, Internal Audit - Oil and Gas	Denver	CO	US	39.73915	-104.9847
Great OTR and Local Truck Drivers! Benefits, Home Time and Bonus Pay!	Buffalo	NY	US	42.88645	-78.87837
Seattle Needs -a Hindu BiLingual Events Sales Representatives for Vonage	Seattle	WA	US	47.60621	-122.33207
Target Mobile Team Member	Leesburg	VA	US	39.11566	-77.5636
Sr. Actuary - paid relo to Portland, OR - bzs61032BO	Boston	MA	US	42.35843	-71.05977
Class A Drivers-Home Every Other Day! Close To Local - 1418	Carlisle	PA	US	40.20148	-77.18887
Work from Home - Loan Officer for a Nationwide Lender	Orange County	CA	US	33.67	-117.78
Service Contract Sales Administrator	Sunnyvale	CA	US	37.36883	-122.03635
Part-Time Executive Assistant to CEO	Paramount	CA	US	33.88946	-118.15979
Foreign Exchange Student Coordinator	Jackson	MS	US	32.29876	-90.18481
Retail Mortgage Branch Manager	Jacksonville	FL	US	30.33218	-81.65565
Physical Therapist - PRN	Kansas City	MO	US	39.09973	-94.57857
Outside Sales Representative	Worcester	MA	US	42.26259	-71.80229
Asthma Clinical Research Study Enrolling Today	Glendale	CA	US	34.14251	-118.25508
Outpatient Psychotherapist	Philadelphia	PA	US	39.95234	-75.16379
Event Coordinator- Marketing, Advertising, Sales	Salt Lake City	UT	US	40.76078	-111.89105
Now Hiring in Austin! Sales Professionals- Bilingual Required	Austin	TX	US	30.26715	-97.74306
Maintenance Technician, Extrusion, Mold Machinery Job #3557 Canton, Dover, Ohio Job #3557	Canton	OH	US	40.79895	-81.37845
Tool Engineer - must relo to San Jose, CA -4czcon	Las Vegas	NV	US	36.17497	-115.13722
Controller - Oil & Gas	Houston	TX	US	29.76328	-95.36327
PHP UNIX SHELL SCRIPTING	Plano TX	TX	US	33.01984	-96.69889
Owner Operator - Class A - Excellent Pay - Great Home Time!	Lynn	MA	US	42.46676	-70.94949
OTR Driver	Harpers Ferry	WV	US	39.272324	-77.77982
Real Estate Buyers Agent needed for fast growing Brokerage	Colorado Springs	CO	US	38.83388	-104.82136
Systems Software Developer- EMS, Python, NMS- Dallas, TX	Dallas	TX	US	32.78306	-96.80667
Prepaid Wireless In Store Events	Camby	IN	US	39.631344	-86.31273
Life insurance sales agent/agencies wanted	Combee Settlement	FL	US	28.05835	-81.90536
Account Executive/Associate Publisher	Wrens	GA	US	33.200325	-82.37625
Social Media Manager	Philadelphia	PA	US	39.95234	-75.16379
Merchant Services - New Technology - Commissions Up To 1,250 BPS	Morganton	NC	US	35.74541	-81.68482
Recent Graduate CDL A Driver FLATBED Jobs Available:(NO EXP)	Richmond	VA	US	37.55376	-77.46026
ADVERTISING SALES EXECUTIVE - NEW MOBILE APP TECHNOLOGY	Glenview	IL	US	42.06975	-87.78784
Midwest Regional Drivers needed	South Bend	IN	US	41.68338	-86.25001
Outside Sales Representative - SAN	Santa Maria	CA	US	34.95303	-120.43572
Sales - Outside Sales Representative - Account Manager	Tucson	AZ	US	32.22174	-110.92648
Marketing Coordinator for Luxury Senior Living Community!	Roseville	CA	US	38.75212	-121.28801
B2B Inside Sales Looking for someone who can CRUSH it!	Wilmington	DE	US	39.74595	-75.54659
Now hiring restaurant servers!	Greenville	SC	US	34.85262	-82.39401
Director of Nuclear Regulatory Compliance	Boston	MA	US	42.35843	-71.05977
Compliance/Audit Specialist (Quality Systems Specialist) – 991	Goleta	CA	US	34.43583	-119.82764
RN -Psych	Las Cruces	NM	US	32.31232	-106.77834
International Exchange Student Coordinator	Seward	AK	US	60.151652	-149.41271
Hogan Consultant	Richfield	MN	US	44.8833	-93.283
Agile Program Manager - rzf26751	Philadelphia	PA	US	39.95234	-75.16379
Great OTR and Local Truck Drivers! Benefits, Home Time and Bonus Pay!	Ogden	UT	US	41.223	-111.97383
Full Time - Customer Service / Marketing / Sales - Mgmt Trainee	Kansas City	MO	US	39.09973	-94.57857
Global Quality Manager - Chemical Manufacturing	East Windsor	NJ	US	40.258944	-74.532793
Area Sales Director & Publisher	Navarre	FL	US	30.40159	-86.86357
Insurance Inspections - Work Your Own Hours!	Wenatchee	WA	US	47.42346	-120.31035
Human Resource Manager	Boulder County	CO	US	40.09	-105.36
$ BIG Bucks For Owner Operators Class A $	Bethel	PA	US	40.32757	-80.0395
OTR and Local Truck Driver Jobs! Up to $7,500 Sign-On Bonuses!	Troy	NY	US	42.72841	-73.69179
Final Expense Insurance Agents Wanted	Belleville	NJ	US	40.79371	-74.15014
Team Drivers	Cincinnati	OH	US	39.162	-84.45689
Retail Merchandising Technician	Dubuque	IA	US	42.50056	-90.66457
EXPERIENCED SALES REPRESENTATIVE	Stockton	CA	US	37.9577	-121.29078
Industrial Maintenance Electrician	Pulaski	VA	US	37.0479	-80.77979
Gas Pipeline Engineer job location: Mildford Pa	Chicago	IL	US	41.85003	-87.65005
CNC Programer, 4 / 5 Axis	Edison	NJ	US	40.51872	-74.4121
Top Marketing Office Seeking Entry Level, Career Minded Individuals	Las Vegas	NV	US	36.17497	-115.13722
Life insurance sales agent/agencies wanted	Pell City	AL	US	33.58621	-86.28609
Sales Technician	San Antonio	TX	US	29.42412	-98.49363
Local Truck Driver. Home every night.	Bolingbrook	IL	US	41.69864	-88.0684
Entry Level Sales - Preset Appointments	Bristol	CT	US	41.67176	-72.94927
Territory Outside Sales Representative	Norman	OK	US	35.22257	-97.43948
Truck Driver - Regional Dedicated Route - Avg 60-65k per year!	Berwyn	IL	US	41.85059	-87.79367
Appointment Scheduler	Waukesha	WI	US	43.01168	-88.23148
Microsoft Dynamics Consultant	Columbus	OH	US	39.96118	-82.99879
Training Coordinator (Partner Enablement)	Mountain View	CA	US	37.38605	-122.08385
LEARNING CENTER	Washington	PA	US	40.17396	-80.24617
Entry Level Sales - Preset Appointments	West Valley City	UT	US	40.69161	-112.00105
OUTBOUND CALL CENTER REPRESENTATIVE	Somerset	NJ	US	40.4976	-74.48849
CNC Mill Machinists - Aerospace (Cell Production)	Wixom	MI	US	42.52476	-83.53633
Patent Paralegal	Dallas	TX	US	32.78306	-96.80667
Restaurant General Manager	Oklahoma City	OK	US	35.46756	-97.51643
Teacher - Trainer - Speaker - Consultant - Presenter #29	Detroit	MI	US	42.33143	-83.04575
Infrastructure Manager - Austin (RK)	Austin	TX	US	30.26715	-97.74306
ADVERTISING SALES EXECUTIVE - NEW MOBILE APP TECHNOLOGY	Harrisonburg	VA	US	38.44957	-78.86892
SR AIX System Engineer/Admin-paid relo to Fort Lauderdale, FL-rzeeKA	Thành phố Kansas	MO	US	38.3882361738	-92.4564269359
Transport Service Co. - Chemical Division Hiring OTR Truck Drivers!	Cleveland	OH	US	41.4995	-81.69541
Communications Sales Rep	Fairfax	VA	US	38.84622	-77.30637
PART TIME MERCHANDISER-Mayfield, KY	Mayfield	KY	US	36.74172	-88.63672
Spanish/English Bilingual Customer Service Reps	Anoka	MN	US	45.19774	-93.38718
Pre Sales- Immediate hire for the right person!	Kansas City	KS	US	39.11417	-94.62746
Truck Driver - Entry-Level - Local CDL Training	Hesperia	CA	US	34.42639	-117.30088
Family Nurse Practitioner - FNP - *Relocate to Frederick, MD*	Gaithersburg	MD	US	39.14344	-77.20137
Part Time Merchandiser - Caliente, NV	Caliente	NV	US	37.488849	-114.45374
Plant Maintenance & Engineering Manager	Tacoma	WA	US	47.25288	-122.44429
Life insurance-Sales professionals wanted	Edinburg	TX	US	26.30174	-98.16334
Business Development Representative	Chicago	IL	US	41.85003	-87.65005
Warehouse On-Site Manager	Westfield	MA	US	42.12509	-72.74954
Entry Level Sales - Marketing - Management APPLY TODAY!	Joplin	MO	US	37.08423	-94.51328
Life insurance-Sales professionals wanted	Danville	IL	US	40.12448	-87.63002
Truck Drivers Wanted! Great Pay, Benefits & Sign-On Bonuses Available!	Rome	NY	US	43.21285	-75.45573
Machine Maintenance Helper	Elkhart	IN	US	41.68199	-85.97667
Accountant Manager - paid relo to Seattle, WA-bzs68RA	Raleigh	NC	US	35.7721	-78.63861
OTR Driver	Augusta	GA	US	33.47097	-81.97484
Sales Representative	Dallas	TX	US	32.78306	-96.80667
Shipping Clerk	Santa Clara	CA	US	37.35411	-121.95524
Outside Sales Representative	Leominster	MA	US	42.52509	-71.75979
Client Services Manager	Nashville	TN	US	36.16589	-86.78444
Security Officer	Gallup	NM	US	35.52808	-108.74258
Public speaker/Sales trainer	Dayton	OH	US	39.75895	-84.19161
Medical Lab Technician	Reading	PA	US	40.33565	-75.92687
Financial Advisor - High Net Worth Sales	Worcester	MA	US	42.26259	-71.80229
Life insurance-Sales professionals wanted	Leominster	MA	US	42.52509	-71.75979
Life insurance-Sales professionals wanted	Greenville	PA	US	41.4045	-80.39118
SIGN ON BONUSES! TMC Transportation Hiring CDL OTR Truck Drivers	Slidell	LA	US	30.27519	-89.78117
OTR Truck Driver Job Offers! Sign-On Bonuses Available!	Long Beach	NY	US	40.58844	-73.65791
Warehouse Laborer (on-call assignment)	Lynden	WA	US	48.9465	-122.45211
Door Technician - Hiring Immediately (Fullerton)	Fullerton	CA	US	33.87029	-117.92534
Immediate Need Class A Truck Driver- Valparaiso IN	Valparaiso	IN	US	41.47309	-87.06114
Community Coordinator-International Students	Greenville	OH	US	40.10283	-84.63301
Site Acquisition Manager	Raleigh	NC	US	35.7721	-78.63861
Electrical Design Engineer-paid relo to Plainville, CT-bzs9433RA	Raleigh	NC	US	35.7721	-78.63861
Entry Level Marketing Representative	Saddle River	NJ	US	41.023696	-74.092553
Applications Engineer - Cleaning Solvents	Buffalo	NY	US	42.88645	-78.87837
Quality Assurance Engineer	Annapolis	MD	US	38.97845	-76.49218
Experienced Inside Sales Rep needed in NYC: $40K base + commissions	New York	NY	US	40.71427	-74.00597
Retail Merchandising Technician	Sherbrooke	QC	CA	45.4008238257	-71.9073910824
$ Class A Tanker Drivers NO Experience Necessary $ $72K a year :)	Cincinnati	OH	US	39.162	-84.45689
Outside Sales	Thurston	WA	US	46.93	-122.83
Site Electrical Engineer - paid relo to Etowah, TN - bzs6322SY	Syracuse	NY	US	43.04812	-76.14742
Mortgage / Field Inspector	Johnson City	TN	US	36.31344	-82.35347
QA Engineer	Wareham	MA	US	41.751554	-70.71059
Outside Sales Representative- Outreach	Tallahassee	FL	US	30.43826	-84.28073
Constellation Energy Customer Service Sale Representative Needed ASAP	Armonk	NY	US	41.129908	-73.70352
Technical Writer - must relo to San Jose, CA - 3czconAT	Atlanta	GA	US	33.749	-84.38798
Account Executive	Fort Lauderdale	FL	US	26.12231	-80.14338
NE Regional drivers needed	Altoona	PA	US	40.51868	-78.39474
Manufacturing Automation Engineer-paid relo to Folsom, CA-bzs6015CH	Chicago	IL	US	41.85003	-87.65005
Sales Executive/Publisher	Chula Vista	CA	US	32.64005	-117.0842
Nail Technician-Busy Salon	Tempe	AZ	US	33.41477	-111.90931
Instructional Designer	New York	NY	US	40.71427	-74.00597
Do You Like Helping People?	San Jose	CA	US	37.33939	-121.89496
Part-Time PT, PTA, OTR, COTA, SLP for Pinellas County	Pinellas Park	FL	US	27.8428	-82.69954
Restaurant Team Leader - Shack	Eden Prairie	MN	US	44.85469	-93.47079
Life insurance-Sales professionals wanted	Massillon	OH	US	40.79672	-81.52151
Delivery Driver	Crestview	FL	US	30.76213	-86.57051
Attention Real Estate Agents and Wholesalers	Broward County	FL	US	26.124354	-80.249503
NO TELEMARKETING - Team Lead - Sales & Marketing	Sweetwater	FL	US	25.76343	-80.37311
Family Practice Physician - paid relo to Postdam, NY - bzs2334RA	Raleigh	NC	US	35.7721	-78.63861
Medical/Oncology RN	Greenville	NC	US	35.61266	-77.36635
Seeking Bilingual Speech-Language Pathologists/Speech Therapist	Katy	TX	US	29.78579	-95.8244
FULL TIME ENTRY LEVEL SALES AND MARKETING	Aventura	FL	US	25.95648	-80.13921
Life insurance sales agent/agencies wanted	Bethesda	TN	US	35.803624301	-86.4053627637
National Sales Manager - Food Packaging	New York	NY	US	40.71427	-74.00597
Direct Sales Representative	Centennial	CO	US	39.57916	-104.87692
SrSoftware Engineer-Cloud Platform-paid relo to MountainView-bzs74CL	Cleveland	OH	US	41.4995	-81.69541
Case Manager, Scattered-Site Apartment Programs	Kew Gardens	NY	US	40.6874263333	-73.8108066667
Talent Acquisition Manager - Staffing Agency	New York	NY	US	40.71427	-74.00597
Virtual Driver Recruiter:100%Commission,100%On-TimePay,100%SupportTeam	Indianapolis	IN	US	39.76838	-86.15804
1st Shift Quality Control	New Albany	OH	US	40.08117	-82.80879
CFO with Exit Strategy Experience	Yonkers	NY	US	40.93121	-73.89875
Management Training Program	Bowling Green	OH	US	41.37477	-83.65132
Pre Sales- Immediate hire for the right person!	Augusta	GA	US	33.47097	-81.97484
OTR and Local Truck Driver Jobs! Up to $7,500 Sign-On Bonuses!	Baton Rouge	LA	US	30.45075	-91.15455
EXECUTIVE SALES REPRESENTATIVE	Pittsburgh	PA	US	40.44062	-79.99589
CDL Owner Operator - Regional or OTR - Sign-On Bonus - Great Incentives	Fort Smith	AR	US	35.38592	-94.39855
Top Salespeople Wanted - High Commissions + Generous Residual Income	Manchester	NH	US	42.99564	-71.45479
Territory Outside Sales Representative	Portland	TX	US	27.87725	-97.32388
CNC Programmer/Grinder	Leesburg	FL	US	28.81082	-81.87786
Key Account Manager	Urbandale	IA	US	41.62666	-93.71217
EXPERIENCED SALES REPRESENTATIVE	Houston	TX	US	29.76328	-95.36327
Professional Support	North Chicago	IL	US	42.32558	-87.84118
Territory Sales Manager	Fort Worth	TX	US	32.72541	-97.32085
Class A Truck Driver Event Marketing- Cincinnati OH	Cincinnati	OH	US	39.162	-84.45689
Communications Officer I	Belle Glade	FL	US	26.68451	-80.66756
Operations Manager	Commerce	CA	US	34.00057	-118.15979
Recruiter - Light Industrial Market	New York	NY	US	40.71427	-74.00597
Physical Therapist - paid relo to South Hill, VA - bzs62934	South Hill	VA	US	36.733874	-78.17287
Senior Ruby Developer – Vancouver	Vancouver	BC	CA	49.24966	-123.11934
OTR Truck Driver Job Offers! Sign-On Bonuses Available!	Hoover	AL	US	33.40539	-86.81138
IT Systems Analyst Consultant-paid relo to Greensboro, NC-bzs2917AU	Austin	TX	US	30.26715	-97.74306
Marketing Manager-Catalog-paid relo to Bethlehem, PA-fjbraDT	Detroit	MI	US	42.33143	-83.04575
Director of Test Development	Skillman	NJ	US	40.410155	-74.70726
OTR and Local Truck Driver Jobs! Up to $7,500 Sign-On Bonuses!	Boston	MA	US	42.35843	-71.05977
$2000 Sign-On Bonus - Company Flatbed	Sheridan	WY	US	44.79719	-106.95618
Staffing Coordinator	Franklin	TN	US	35.92506	-86.86889
Truck Driver Jobs • Cryogenic Transportation • Now Hiring • Bonuses	Houston	TX	US	29.76328	-95.36327
Sports - Minded Marketing & Sales Consultants Needed	Macon	GA	US	32.84069	-83.6324
Customer Service - Event / Retail Marketing & Advertising Firm	Nashville	TN	US	36.16589	-86.78444
Community Coordinator-International Students	Medicine Lake	MT	US	48.503927	-104.48487
Account Executive Fashion Showroom Sales	Norwalk	CT	US	41.1176	-73.4079
Hagerstown, MD - Outside Sales Representative	Hagerstown	MD	US	39.64176	-77.71999
Sales Representatives (No experience needed)Base Salary + commission	Charlotte	NC	US	35.22709	-80.84313
Distribution & Production Jobs! Interviewing this week!	Kent	WA	US	47.38093	-122.23484
Dermatologist - paid relo to Elizabeth, NJ -rzf28423DE	Denver	CO	US	39.73915	-104.9847
ADVERTISING SALES EXECUTIVE - NEW MOBILE APP TECHNOLOGY	Lawton	OK	US	34.60869	-98.39033
NURSE PRACTITIONER	LA PLATA	MD	US	38.52929	-76.97525
Account Executive	Fort Worth	TX	US	32.72541	-97.32085
Associate Research Intern - must relo to San Francisco, CA- czrNY	Thành phố New York	NY	US	43.0	-75.0
Machine Shop Helpers (factory)	Geneva	IL	US	41.88753	-88.30535
Franchise Auto Dealer Marketing Consultant – Salary Plus Commission	Dallas	TX	US	32.78306	-96.80667
Health Plan Specialist	Minnetonka	MN	US	44.9133	-93.50329
Automatic Transfer Press Operator	Athens	TN	US	35.44285	-84.59299
Merchant Services - New Technology - Commissions Up To 1,250 BPS	Springfield	MA	US	42.10148	-72.58981
Community Coordinator-International Students	Mount Vernon	MO	US	37.101742	-93.80738
Experienced Esthetician	Aurora	CO	US	39.72943	-104.83192
Family Practice Physician - paid relo to Postdam, NY - bzs2334HA	Hartford	CT	US	41.76371	-72.68509
Restaurant Assistant Manager	York	PA	US	39.9626	-76.72774
Food Buyer $48-50,000 HIRING NOW!	Columbus	OH	US	39.96118	-82.99879
Account Manager	Carol Stream	IL	US	41.91253	-88.13479
Owner Operator - CDL Driver - Excellent Opportunities Available	Midland	TX	US	31.99735	-102.07791
ACCOUNTING MANAGER GLOBAL SOURCING AND MANUFACTURING\INNOVATION	Portland	OR	US	45.52345	-122.67621
IT Field Service & Copier/Technician for Little Rock, AR, USA	Little Rock	AR	US	34.74648	-92.28959
SIGN ON BONUSES! TMC Transportation Hiring CDL OTR Truck Drivers	North Kingstown	RI	US	41.5501	-71.46617
Life insurance sales agent/agencies wanted	Cordele	GA	US	31.96351	-83.78239
Restaurant Line Cook	Cincinnati	OH	US	39.162	-84.45689
Hedge Fund Quant/Developer	Wilton	CT	US	41.19537	-73.4379
Prime inc. Now Hiring Drivers OTR Drivers in Your Area!	Chapel Hill	NC	US	35.9132	-79.05584
IT Sales Executive	District of Columbia	DC	US	38.8984713197	-77.026807449
IT SalesForce Solution Architect-paid relo to MountainViewCA-bzs4410	Mountain View	CA	US	37.38605	-122.08385
Sr. Process Engineer - Chemical	Northbrook	IL	US	42.12753	-87.82895
Sr. Director of Product – Agile / eCommerce – Empowering Brands Around	New York	NY	US	40.71427	-74.00597
Sr. IT Help Desk- Anchor Service Desk Specialist	Atlanta	GA	US	33.749	-84.38798
Senior Architect / Job Captain	Los Angeles	CA	US	34.05223	-118.24368
Site Acquisition Sales (Urgent) Atlanta, GA	Atlanta	GA	US	33.749	-84.38798
Area Sales Director & Publisher	Moline	IL	US	41.5067	-90.51513
Program Manager - Technology and Operations Transformation	Cincinnati	OH	US	39.162	-84.45689
Account Executive/Associate Publisher	Albany	GA	US	31.57851	-84.15574
Industrial Equipment Repair Mechanic - Government Facilities	Norfolk	VA	US	36.84681	-76.28522
Looking for People with an Entrepreneurial Mindset that 1%	Denver	CO	US	39.73915	-104.9847
Multiple Positions Available - Marketing Firm - Immediate Hire	Hartford	CT	US	41.76371	-72.68509
Costco Demo Representative	Los Angeles	CA	US	34.05223	-118.24368
Constellation Energy Customer Service Sale Representative Needed ASAP	Briarcliff Manor	NY	US	41.14565	-73.82375
Experienced Sales Professional-FT/PT! No Cold Calls!	Pensacola	FL	US	30.42131	-87.21691
Registered Nurse	Clearwater	FL	US	27.96585	-82.8001
Manager of Utilization Management	Milwaukee	WI	US	43.0389	-87.90647
Remote Certified (RHIA, RHIT, CCS) Inpatient Coding AUDITOR	Orlando	FL	US	28.53834	-81.37924
Python Developer – Web Application Engineering	New York	NY	US	40.71427	-74.00597
Hair Stylist,Booths for rent	Los Angeles	CA	US	34.05223	-118.24368
Registered Nurse for the Emergency Room All Shifts	Rockville	MD	US	39.084	-77.15276
LOCAL TRUCK DRIVER, HOME DAILY, YOU CHOOSE DAYS OFF, AND $6000 SIGN ON	Chicago	IL	US	41.85003	-87.65005
General Production	Modesto	CA	US	37.6391	-120.99688
Will Train! - Entry Level CDL Drivers OTR - ASAP!	Shreveport	LA	US	32.52515	-93.75018
Production Supervisor-paid relo to Chicago, IL-njlauSA	Sacramento	CA	US	38.58157	-121.4944
Prime inc. Now Hiring Drivers OTR Drivers in Your Area!	Centennial	CO	US	39.57916	-104.87692
Insurance Sales/Sales Manager Trainee/Outside Sales- HR CO (copy 87)	Highlands Ranch	CO	US	39.55388	-104.96943
Product Dev. Engineer Fiber Optic-paid relo to Hickory, NC-rzf28926SE	Seattle	WA	US	47.60621	-122.33207
Insurance Agents: Closing 25% of 15 weekly appointments=$4,500 monthly	Cleveland	OH	US	41.4995	-81.69541
Desktop/Technical Consultant - Immediate Need!	Farmingdale	NY	US	40.7326	-73.4454
Mental Health Para Professional (Case Management) (copy 5)	Greenwood	AR	US	35.21565	-94.25577
Sales Business Intelligence/ Database to Energy Sector	Miami	FL	US	25.77427	-80.19366
Part Time B2B Outside Sales Rep - No Cold Calling	Biloxi	MS	US	30.39603	-88.88531
Outside Sales Representative	Sugar Land	TX	US	29.61968	-95.63495
Sales - Experience Preferred - Great Pay Plan	Kansas City	MO	US	39.09973	-94.57857
EPIC Business Systems Analyst	Aurora	CO	US	39.72943	-104.83192
Service Plumber	Southlake	TX	US	32.94124	-97.13418
Home Caregiver - Live-in, Hourly, Overnight	Jackson	TN	US	35.61452	-88.81395
Class A truck driver, choose your shift, off weekends, & $4000 sign on	Petersburg	VA	US	37.22793	-77.40193
Now hiring recent grads!	Fresno	CA	US	36.74773	-119.77237
CDL or Non-CDL Dock Worker - 2nd Shift	McDonough	GA	US	33.44734	-84.14686
Clinical Performance Improvement Director	Houston	TX	US	29.76328	-95.36327
Chief Engineer - Vehicle Suspension	Central	MO	US	38.3882361738	-92.4564269359
High School Community Coordinator-International Students	Coeur d'Alene	ID	US	47.67768	-116.78047
Senior Process Engineer	Avon	MA	US	42.121932	-71.04522
Automotive mechanic	Santa Clarita	CA	US	34.39166	-118.54259
Retail Sales Associates	Destin	FL	US	30.39353	-86.49578
Physical Therapy - PT - TMC	Lake Charles	LA	US	30.21309	-93.2044
A GREAT WORK AT HOME OPPORTUNITY!	Madison	WI	US	43.07305	-89.40123
Merchandise Data Collector/FSR	Powell	WY	US	44.75384	-108.75735
CDL Owner Operator - Regional or OTR - Sign-On Bonus - Great Incentives	Athens	GA	US	33.96095	-83.37794
SALES CLOSERS Look Here!	Fort Wayne	IN	US	41.1306	-85.12886
Production Mgr/Heavy Duty Diesel -paid relo to Morristown,TN-fsmarSY	Syracuse	NY	US	43.04812	-76.14742
Senior Vice President	Bradenton	FL	US	27.49893	-82.57482
Project Engineer (12393)	Wauwatosa	WI	US	43.04946	-88.00759
CDL A DRIVERS NEEDED-OTR,REG,DED,TANKER,INTERMODAL,LOCAL	Henderson	NV	US	36.0397	-114.98194
Retail Snack Reset W	Pulaski	TN	US	35.1998	-87.03084
Interior Design Assistant (Model Home Department)	Clearwater	FL	US	27.96585	-82.8001
Seasoned FILENET Developer	Sacramento	CA	US	38.58157	-121.4944
Truck Drivers! K&B Transportation Hiring Drivers in Your Area!	South Bend	IN	US	41.68338	-86.25001
Hostess	Oklahoma City	OK	US	35.46756	-97.51643
Director of Design	Phoenix	AZ	US	33.44838	-112.07404
Lucrative Territory Rep	Medford	OK	US	36.832446	-97.72414
CDL Truck Driver - Western Dry Van or Reefer - Choose Your Home Time!	Corona	CA	US	33.87529	-117.56644
CUSTOMER SERVICE / SET UP DISPLAY	Mason City	IA	US	43.15357	-93.20104
CDL Truck Driver - Short Haul - Great Home Time - CDL Grads Welcome!	Richmond	OH	US	41.55283	-81.51012
Life insurance-Sales professionals wanted	Avondale	AZ	US	33.4356	-112.3496
Inside Sales - Join The LEADER	Buffalo Grove	IL	US	42.15141	-87.95979
Sybase DBA - #3350	New York	NY	US	40.71427	-74.00597
Entrepreneurs ONLY!	Euless	TX	US	32.83707	-97.08195
OTR Truck Driver Job Offers! Sign-On Bonuses Available!	Shelby Township	MI	US	42.6541935	-83.03281625
Life insurance-Sales professionals wanted	South Daytona	FL	US	29.16582	-81.0045
Physical Therapist	Minneapolis	MN	US	44.97997	-93.26384
Restaurant Manager	Tustin	CA	US	33.74585	-117.82617
IT Sales Account Manager	Elgin	IL	US	42.03725	-88.28119
EXPERIENCED SALES REPRESENTATIVE	Las Vegas	NV	US	36.17497	-115.13722
Account Sales Manager	Portland	OR	US	45.52345	-122.67621
Software Engineer	Rockville	MD	US	39.084	-77.15276
CDL Driver – Class A Tanker Truck Driver (Hazmat)	Borger	TX	US	35.66782	-101.39739
Community Coordinator-International Students	Wentzville	MO	US	38.81144	-90.85291
Marketing Associate & Management Trainee	Johnson City	TN	US	36.31344	-82.35347
International Student Exchange Coordinator	Monroe	LA	US	32.50931	-92.1193
Underwriter, Capital Advisory Division	New York	NY	US	40.71427	-74.00597
Sr. Corporate Reporting Analyst-paid relo to Portsmouth, NHCH	Chicago	IL	US	41.85003	-87.65005
CDL Class A Driver - Job Code 015S	Cleveland	OH	US	41.4995	-81.69541
Electrical Systems Design Engineer - paid relo to Horicon, WI- bzs74CI	Cincinnati	OH	US	39.162	-84.45689
ADVERTISING SALES EXECUTIVE - NEW MOBILE APP TECHNOLOGY	Mariposa	CA	US	37.505484	-119.92527
Senior Business Analyst - AS	Indianapolis	IN	US	39.76838	-86.15804
AUCTION BUSINESS DEVELOPEMENT SALESPERSON - WE ARE HIRING ASAP!	Dallas	TX	US	32.78306	-96.80667
Regional run home weekly	Knoxville	TN	US	35.96064	-83.92074
Class A CDL Truck Driver	Sioux Falls	SD	US	43.54997	-96.70033
B2B Outside Sales Rep - One Call Close	Wilmington	DE	US	39.74595	-75.54659
Logistics Manager	Brea	CA	US	33.91668	-117.90006
REGISTERED PHARMACIST – FULL TIME	Dallas	TX	US	32.78306	-96.80667
CDL Owner Operator - Regional or OTR - Sign-On Bonus - Great Incentives	Kissimmee	FL	US	28.30468	-81.41667
IT Field Service & Copier/Technician for Baltimore, MD, 21229, USA	Baltimore	MD	US	39.29038	-76.61219
HOME SECURITY DIRECT SALES/$500 PER DEAL	San Jose	CA	US	37.33939	-121.89496
Certified Coding Specialist - paid relo to Cincinnati, OH - rzf28781LA	Los Angeles	CA	US	34.05223	-118.24368
Account Executive-Top Industry	Cheviot	OH	US	39.157	-84.61328
Senior Engineer	Calgary	AB	CA	51.05011	-114.08529
Software Engineering Manager	Christiansburg	VA	US	37.12985	-80.40894
Phlebotomy Technician (copy 2)	Baltimore	MD	US	39.29038	-76.61219
EXPERIENCED SALES REPRESENTATIVE	North Chicago	IL	US	42.32558	-87.84118
Business Process Analyst 3128966D00.	Basking Ridge	NJ	US	40.6792295	-74.5688565
PUBLIC RELATIONS MANAGER - paid relo to East McKeesport, PA - frzconNO	New Orleans	LA	US	29.95465	-90.07507
Coordinator - Sales Operations	Richmond Hill	ON	CA	43.8741765625	-79.4179897917
Physical Therapist needed for guaranteed contract-$1700/week NET!	Sleepy Eye	MN	US	44.29717	-94.73426
Licensed Insurance Sales/Territory Manager -Burbank (copy 78)	Burbank	CA	US	34.18084	-118.30897
2014 Teach For America Corps Member (Apply by 2/20)	Providence	RI	US	41.82399	-71.41283
Firefighter/EMT	Wittmann	AZ	US	33.739904	-112.59778
I NEED A ROCKSTART CLOSER!	Anchorage	AK	US	61.21806	-149.90028
Software Developer - JAVA	Boston	MA	US	42.35843	-71.05977
Ex-Civic Development Group Callers Wanted	New Haven County	CT	US	41.35	-72.9
Statistical Analyst	Columbus	OH	US	39.96118	-82.99879
Risk Managment	Spring	TX	US	30.07994	-95.41716
Turnaround Coordinator–Chemicals-C08,28XXX,286XX- Des Moines, IA	Des Moines	IA	US	41.60054	-93.60911
Customer Service/Marketing	Boston	MA	US	42.35843	-71.05977
DIRECTV - Customer Service and Sales	Green Bay	WI	US	44.51916	-88.01983
Consulting CFOs Wanted to Join our Firm	St. Louis	MO	US	38.62727	-90.19789
Satellite TV Technician/Installer	Oxford	MA	US	42.11676	-71.86479
Experienced Phone Sales	Richmond	VA	US	37.55376	-77.46026
Validation Manager - CIP, SIP - Fort Worth, TX	Fort Worth	TX	US	32.72541	-97.32085
One Appointment Setter for PhoneSales needed! $150K!	Santa Barbara County	CA	US	34.54	-120.03
Account Manager - Toronto	Toronto	ON	CA	43.70011	-79.4163
Driving Instructor	Cranberry Township	PA	US	40.6975	-80.1138888889
MACHINE OPERATORS-7 needed! $13.00-14.00 to start!	Phoenix	AZ	US	33.44838	-112.07404
DIVISION RISK MANAGER-RETAIL-paid relo to Orange, CA-bzs6931SP	Springfield	MO	US	37.21533	-93.29824
Inside Sales - Petrochemical & Industrial	Houston	TX	US	29.76328	-95.36327
Food Service Assistant Manager	Waukegan	IL	US	42.36363	-87.84479
CNC Field Service Engineer - paid relo to Wilsonville, OR-rzf28424RA	Raleigh	NC	US	35.7721	-78.63861
Entry Level Customer Service Professionals Wanted! - Immediate Hire!	Broomfield	CO	US	39.92054	-105.08665
Real Estate Brokerage Manager	Columbia	SC	US	34.00071	-81.03481
Zipfizz Sales Representatives Needed, Great Compensation!	Sacramento	CA	US	38.58157	-121.4944
Contracting Top ENERGY TEAMS/REPS	Cincinnati	OH	US	39.162	-84.45689
Programmer/Analyst	Springfield	MO	US	37.21533	-93.29824
Quality Technician	Clinton	MA	US	42.41676	-71.68285
Merchant Services - New Technology - Commissions Up To 1,250 BPS	Peoria	AZ	US	33.5806	-112.23738
Owner Operator /Lease Purchase-Tanker Driver Position $175K A Year- 81	Freeport	TX	US	28.95414	-95.35966
CDL Truck Driver - Regional Home Weekly or Daily - Excellent Pay	Gary	IN	US	41.59337	-87.34643
SrSoftware Engineer-Cloud Platform-paid relo to MountainView-bzs74HO	Houston	TX	US	29.76328	-95.36327
Human Resource Asst	Lexington	MA	US	42.44732	-71.2245
TRUCK DRIVER, HOME BETWEEN LOADS, OFF WEEKENDS, & HUGE SIGN ON BONUS	Clarksville	TN	US	36.52977	-87.35945
*Door To Door AT&T CLOSERS ONLY!*	Azle	TX	US	32.89513	-97.54586
Die Maintenance Technician	Fairfield	OH	US	39.34589	-84.5605
Scotts Lawn Service- *OUTSIDE SALES REP*	Nashville	TN	US	36.16589	-86.78444
Satellite Dish Installer	Hillsboro	TX	US	32.01099	-97.13001
Tax Attorney/Associate	Boston	MA	US	42.35843	-71.05977
Local truck driver, home nights, off weekends, and $6000 sign on bonus	Pittston	PA	US	41.32591	-75.78936
Environmental Health & Safety Manager	Little Rock	AR	US	34.74648	-92.28959
Area Sales Director & Publisher	Santa Monica	CA	US	34.01945	-118.49119
Great OTR and Local Truck Drivers! Benefits, Home Time and Bonus Pay!	Pahrump	NV	US	36.20829	-115.98391
Laborers with People Skills Wanted	Diamond Bar	CA	US	34.02862	-117.81034
Engineering Technician	South Bend	IN	US	41.68338	-86.25001
Web Designer/Front End Developer	Mountain View	CA	US	37.38605	-122.08385
Program Manager (Top Secret Clearance)	Prince William	VA	US	38.7	-77.48
Sales Project Manager - Flexible Hours	Dallas	TX	US	32.78306	-96.80667
Sales - Outside Sales Representative - Account Manager	Nashville	TN	US	36.16589	-86.78444
Great-Paying Tanker Work	Houston	TX	US	29.76328	-95.36327
Construction Manager	Claymont	DE	US	39.80067	-75.45964
Business Development Inside Sales Closers/$100K+ Health & Wellness!	Aventura	FL	US	25.95648	-80.13921
Full Time Sales & Marketing	Nashville	TN	US	36.16589	-86.78444
Electronic Technical Service Rep	Muskegon	MI	US	43.23418	-86.24839
Truck Drivers Wanted! Great Pay, Benefits & Sign-On Bonuses Available!	Leavenworth	KS	US	39.31111	-94.92246
Central Office Installer Level III	Salt Lake City	UT	US	40.76078	-111.89105
Senior Risk Analyst - P&C Insurance - NY - $150,000 - $165,000	New York	NY	US	40.71427	-74.00597
Customer Service Consultant	Etobicoke	ON	CA	43.6651750245	-79.5451334966
Customer Service Representative	Colorado Springs	CO	US	38.83388	-104.82136
Commercial Mortgage Broker - Branch Opportunity	Salt Lake City	UT	US	40.76078	-111.89105
Social Worker	Cleveland	OH	US	41.4995	-81.69541
Sales Engineer Machine Tools - paid relo to Berkeley, CA-rzf28425AU	Austin	TX	US	30.26715	-97.74306
Deputy Project Manager	Washington	DC	US	38.8951111111	-77.0366666667
HR Director	Sarasota	FL	US	27.33643	-82.53065
CDL Truck Driver - Regional - Excellent Home Time & Full Benefits!	Garner	NC	US	35.71126	-78.61417
Nurse Manager, Labor&Delivery-paid relo to Oxnard, CA-bzs8473AT	Atlanta	GA	US	33.749	-84.38798
DIETITIAN	PHILADELPHIA	PA	US	39.95234	-75.16379
Sales - Outside Sales Representative - Account Manager	Richmond	VA	US	37.55376	-77.46026
CDL Truck Driver - Regional Lanes - Frequent Home Time	Olathe	KS	US	38.8814	-94.81913
Travelling Sales Representative	San Antonio	TX	US	29.42412	-98.49363
Mechanical Engineer-435	Brooklyn Center	MN	US	45.07608	-93.33273
Ex-Civic Development Group Callers Wanted	MORGANTOWN	WV	US	39.62953	-79.9559
Senior Front-End Engineer	Cambridge	MA	US	42.3751	-71.10561
Various Positions in Office Environment	Elizabethtown	KY	US	37.69395	-85.85913
Product Demonstrators/Event Specialists	Roswell	NM	US	33.39427	-104.52302
Emissions control Engineer - EMISSION, ENGINES - Tulsa, OK	Tulsa	OK	US	36.15398	-95.99278
Mortgage Loan Originator	Wilmington	NC	US	34.22573	-77.94471
Senior Maintenance Planner	Wabush	NL	CA	47.5403750511	-53.0144186094
Sales Representative	Goleta	CA	US	34.43583	-119.82764
Be your own boss	Omaha	NE	US	41.25861	-95.93779
RNs and LPNS	Jeannette	PA	US	40.32812	-79.61532
1300918-Retail Sales Merchandiser & Product Counselor- Zephyrhills, FL	Zephyrhills	FL	US	28.23362	-82.18119
Master Merchandiser	Dallas	TX	US	32.78306	-96.80667
Class A truck driver, choose your shift, off weekends, & $4000 sign on	New Rochelle	NY	US	40.91149	-73.78235
WebSphere Administrator - 13-10414	Columbia	SC	US	34.00071	-81.03481
MS DEVELOPER	OAKDALE	MN	US	44.96302	-92.96494
Process Engineer	Mansfield	OH	US	40.75839	-82.51545
Energy Efficiency Specialist / Sales	San Luis Obispo County	CA	US	35.38	-120.45
Accounting Clerk	Okotoks	AB	CA	50.5773	-113.8658
Experienced Phlebotomist	Prince George's	MD	US	38.83	-76.85
Business Development Sales	Blasdell	NY	US	42.790708	-78.82717
Sales - Outside Sales Representative - Account Manager	Manhattan	NY	US	40.78343	-73.96625
Werner Enterprises Hiring Truck Drivers Now!	Conway	AR	US	35.0887	-92.4421
Principal Consultant Commercial Ins -paid relo to Jersey, NJ-rzf2507DE	Denver	CO	US	39.73915	-104.9847
CFO Consumer Goods - paid relo to Nashville, TN - rzf28580HA	Hartford	CT	US	41.76371	-72.68509
Account Executives and Publishers	Kentville	NS	CA	45.0921	-64.4988
Web Specialist – Java, CSS, SQL Server - Massillon, OH	Massillon	OH	US	40.79672	-81.52151
Completions Engineer	Austin	TX	US	30.26715	-97.74306
PART TIME MERCHANDISER-Harvey, LA	Harvey	LA	US	29.90354	-90.07729
Plumbers Mechanic and Top Helpers	Hilton Head Island	SC	US	32.21632	-80.75261
Ex-Civic Development Group Callers Wanted	El Cajon	CA	US	32.79477	-116.96253
Server and Culinary Positions!-Midland, TX	Midland	TX	US	31.99735	-102.07791
Insurance Defense Secretary	New Orleans	LA	US	29.95465	-90.07507
Regional Driver Needed Now! Flex Schedule - Great Home time!	Portland	OR	US	45.52345	-122.67621
Retail Group Leader	Los Angeles	CA	US	34.05223	-118.24368
SR QUALITY TECHNICIAN	San Antonio	TX	US	29.42412	-98.49363
ERISA/Employee Benefits Attorney/Associate	Chicago	IL	US	41.85003	-87.65005
Sales Representative - Medical Device Part-Time	Miami-Dade	FL	US	25.7741666667	-80.1936111111
SQL/Access Programmer	New York	NY	US	40.71427	-74.00597
Life insurance sales agent/agencies wanted	Wetumpka	AL	US	32.54374	-86.21191
Process Control Mgr Ind. Plant-paid relo to Salt Lake City-rzf28924CL	Cleveland	OH	US	41.4995	-81.69541
Outside Sales Representative	Hollywood	FL	US	26.0112	-80.14949
PRIOR AUTHORIZATION CLERK	Phoenix	AZ	US	33.44838	-112.07404
Now Hiring in Orlando!	Tampa	FL	US	27.94752	-82.45843
Manufacturing/Process Engineer	Ceres	CA	US	37.59493	-120.95771
Sales - Outside Sales Representative - Account Manager	Merrillville	IN	US	41.48281	-87.33281
SIGN ON BONUSES! TMC Transportation Hiring CDL OTR Truck Drivers	Radcliff	KY	US	37.84035	-85.94913
Outside Sales - SALES PRO	Seattle	WA	US	47.60621	-122.33207
Systems Engineer - Citrix, Windows, SAN, Exchange - Perm - ASAP 100K+	Purchase	NY	US	41.037203	-73.71588
Insurance Sales Agent	Frederick	MD	US	39.41427	-77.41054
CFOs with M and A Experience Needed	Marana	AZ	US	32.43674	-111.22538
Experienced Charity Residential Callers	Miramar	FL	US	25.98731	-80.23227
Sales - Outside Sales Representative - Account Manager	Chandler	OK	US	35.702159	-96.88961
Solar Warriors We are hiring now! Entry Level and More	Downey	CA	US	33.94001	-118.13257
$2000 Sign-On Bonus - Company Flatbed	Davenport	IA	US	41.52364	-90.57764
Project Manager - Product Launch	Los Angeles	CA	US	34.05223	-118.24368
Desktop Support Technician	Philadelphia	PA	US	39.95234	-75.16379
Verizon, AT & T and Sprint Wireless Sales Consultants! $22/Hour	Canton	OH	US	40.79895	-81.37845
Account Executive	San Francisco	CA	US	37.77493	-122.41942
Entry Level Sales - Preset Appointments	Davenport	IA	US	41.52364	-90.57764
Project Manager - Flares	Tulsa	OK	US	36.15398	-95.99278
IT Security Manager	Hanover	NH	US	43.70229	-72.28954
Medical Coding Manager, Acute Care	Reading	PA	US	40.33565	-75.92687
PMO Manager	Indianapolis	IN	US	39.76838	-86.15804
Part Time Sales Rep / Marketing Specialist	Phoenix	AZ	US	33.44838	-112.07404
Dynamic Outside Sales Professional	Little Rock	AR	US	34.74648	-92.28959
Dedicated Round Trip Driver	Youngstown	OH	US	41.09978	-80.64952
CNC LATHE PROGRAM /SET-UP	Fairfield	NJ	US	40.88371	-74.30598
CDL Truck Driver - Team Division - Excellent Pay & Benefits!	Chicago	IL	US	41.85003	-87.65005
CDL Owner Operator - Regional or OTR - Sign-On Bonus - Great Incentives	Renton	WA	US	47.48288	-122.21707
Ramp Agents	Syracuse	NY	US	43.04812	-76.14742
Area Supervisor	Louisville	KY	US	38.25424	-85.75941
Car Foreman	Hermiston	OR	US	45.84041	-119.28946
Retail Event Coordinator	Des Plaines	IL	US	42.03336	-87.8834
Hooters Girl	Newark	DE	US	39.68372	-75.74966
Private Caregiver Needed Oakland, CA	Oakland	CA	US	37.80437	-122.2708
One Appointment Setter for PhoneSales needed! $150K!	Anaheim	CA	US	33.83529	-117.9145
Solar Marketing Warriors We are hiring now! Entry Level	Monsey	NY	US	41.11121	-74.06848
Final Expense Insurance Agents Wanted	Hopkinsville	KY	US	36.8656	-87.48862
Junior Marketing Associate	Appleton	WI	US	44.26193	-88.41538
Pizza & Italian Specialist	Richmond	VA	US	37.55376	-77.46026
Outside Sales Representative	Springdale	AR	US	36.18674	-94.12881
Account Representative - Menlo Park, CA	Menlo Park	CA	US	37.45383	-122.18219
Front End/UI Software Developer (F2F Required)	Princeton	NJ	US	40.34872	-74.65905
Senior Account Executive - AV Solution Sales	Allentown	PA	US	40.60843	-75.49018
Community Coordinator-International Students	Bartley	NE	US	40.241652	-100.3015
Community Coordinator-International Students	Rudyard	MT	US	48.525132	-110.54993
Owner Operator Truck Drivers - Dry Van and Port - Excellent Home Time!	Metairie	LA	US	29.98409	-90.15285
2014 Teach For America Corps Member (Apply by 2/20)	Milwaukee	WI	US	43.0389	-87.90647
Part-Time Sales Associate	Houston	TX	US	29.76328	-95.36327
Senior SalesForce Developer	Washington	DC	US	38.8951111111	-77.0366666667
We are looking for CFOs with M and A experience	Vista	CA	US	33.20004	-117.24254
Event Staff Needed-Entry Level Reps-Will Train!	Pleasanton	CA	US	37.66243	-121.87468
BUILDING STATIONARY ENGINEER	Palo Alto	CA	US	37.44188	-122.14302
Community Coordinator-International Students	Woods Bay	MT	US	48.0066666667	-114.063055556
Sales Engineer Machine Tools - paid relo to Berkeley, CA-rzf284LV	Las Vegas	NV	US	36.17497	-115.13722
Customer Service	Panama City	FL	US	30.15946	-85.65983
Intern (Mobile) - must relo to San Francisco, CA -czradDT	Detroit	MI	US	42.33143	-83.04575
Community Coordinator-International Students	Harvard	NE	US	40.635514	-98.09442
Activities Director	Branson	MO	US	36.64367	-93.21851
Merchandiser/Representative - High River, AB	High River	AB	CA	50.5819	-113.8705
Technical Customer Support Engineer - must relo to SF,CA -czradOK	Thành phố Oklahoma	OK	US	35.5118127025	-97.0300757506
Advertising Account Executive	Chicago	IL	US	41.85003	-87.65005
Solar Sales Agents Needed for $100k+ Opportunity	Fullerton	CA	US	33.87029	-117.92534
Jetway/Electrical Systems Mechanic	Baltimore	MD	US	39.29038	-76.61219
Product Manager, Data and Optimization - must relo to SF,CA - czradCL	Dallas	TX	US	32.78306	-96.80667
Part time associates needed for Auction	Houston	TX	US	29.76328	-95.36327
Registered Nurse - Dialysis Educator	Worcester	MA	US	42.26259	-71.80229
Life insurance-Sales professionals wanted	Air Force Academy	CO	US	38.99425	-104.86375
Sales Representative 45K Base + Comm Car & Cell Allowance	York	PA	US	39.9626	-76.72774
Sr. STAFF DESIGN ENGINEER - ADC, DAC, CMU, CMOS - Mountain View, CA	Mountain View	CA	US	37.38605	-122.08385
Community Coordinator-International Students	Chester	NE	US	40.015959	-97.61926
Entry Level Management - Full-Time	Miami Springs	FL	US	25.82232	-80.2895
SALES CLOSERS Look Here!	Houston	TX	US	29.76328	-95.36327
Life insurance sales agent/agencies wanted	Homeland Park	SC	US	34.47066	-82.67069
Part time sales representative for Northern Georgia/Rome-Dalton area	Atlanta	GA	US	33.749	-84.38798
Experienced Telemarketing Sales	Hayward	CA	US	37.66882	-122.0808
Medical Office Manager	Brooklyn	NY	US	40.6501	-73.94958
Class A CDL OTR Truck Driver - $2,500 Sign on Bonus!	Macon	GA	US	32.84069	-83.6324
Owner Operator Truck Drivers - Dry Van and Port - Excellent Home Time!	Lakeland	FL	US	28.03947	-81.9498
IT SECURITY ANALYST - ADMINISTRATOR (copy 2)	Melville	NY	US	40.79343	-73.41512
Community Coordinator-International Students	Hazard	NE	US	41.067301	-99.04756
CDL Truck Driver - Tanker - Flex Home Time – Great Pay/Full Benefits	New Castle	DE	US	39.66206	-75.56631
CDL Truck Driver - Auto/Car Hauling - Get Home Often - Union Benefits	Elicott City	MD	US	39.26733	-76.79831
Medical Sales Representative (NJ-Newark) - 7748	Newark	NJ	US	40.73566	-74.17237
TRUCK DRIVER, HOME BETWEEN LOADS, OFF WEEKENDS, & HUGE SIGN ON BONUS	Nevada	MO	US	37.83921	-94.35467
CDL Owner Operator - Regional or OTR - Sign-On Bonus - Great Incentives	Providence	RI	US	41.82399	-71.41283
IT Director of App Services-paid relo to Glenwood Springs,CO-bza4376OK	Raleigh	NC	US	35.7721	-78.63861
Fresh Leads in Your Area - Final Expense Sales	Raleigh	NC	US	35.7721	-78.63861
Layout and Technical Editor, Mathematics	Winchester	CT	US	41.9001	-73.13483
Piping Designer	North Stonington	CT	US	41.456189	-71.86813
Systems Validation Test Specialist	Minneapolis	MN	US	44.97997	-93.26384
Travelling Sales Representative	Del Valle	TX	US	30.166225	-97.62496
Full Paid Training - Customer Service Positions	Florence	SC	US	34.19543	-79.76256
Associate Buyer	San Francisco	CA	US	37.77493	-122.41942
New Homes Sales - Internet Sales	Orlando	FL	US	28.53834	-81.37924
Toddler Teacher	Gahanna	OH	US	40.01923	-82.87934
Store Manager	Urbandale	IA	US	41.62666	-93.71217
CAN YOU CLOSE DEALS?	Dayton	OH	US	39.75895	-84.19161
Entry Level Marketing & Management!	Green Bay	WI	US	44.51916	-88.01983
Wholesale Account Executive	Des Moines	IA	US	41.60054	-93.60911
! Class A HOME Every WeekEnd 48 hours !	Poughkeepsie	NY	US	41.70037	-73.92097
Mid-Level .NET Developer	Clearwater	FL	US	27.96585	-82.8001
High School Community Coordinator-International Students	Winchester	ID	US	46.216165	-116.62363
Nurse Practitioner OBGYN Part time $44/HR - $47.50/HR	Hartford	CT	US	41.76371	-72.68509
VP, ETF Trade Support (Sitting on Trading Desk)	New York	NY	US	40.71427	-74.00597
Entry Level Sales - Preset Appointments	Mesquite	TX	US	32.7668	-96.59916
Need care in Lincolnwood, IL	Lincolnwood	IL	US	42.00448	-87.73006
REAL ESTATE AGENTS: Fast-Track Licensing & Training Program	San Diego	CA	US	32.71533	-117.15726
Werner Enterprises Hiring Truck Drivers Now!	Tucson	AZ	US	32.22174	-110.92648
$2000 Sign-On Bonus - Company Flatbed	Pittsburgh	PA	US	40.44062	-79.99589
CDL-A Equipment Operator/ Laborer	Tucson	AZ	US	32.22174	-110.92648
Web Developer	Broadview Heights	OH	US	41.31394	-81.68513
Dental Office Manager Work from Anywhere	San Antonio	TX	US	29.42412	-98.49363
CDL A Driver Tanker Up To $5,000 sign on Bonus NO-TANKER- EXP-OK	Houston	TX	US	29.76328	-95.36327
Food Server	Garden Grove	CA	US	33.77391	-117.94145
MANUFACTURING ENGINEER	California	CA	US	35.1258	-117.9859
HVAC Instructor	Pittsburgh	PA	US	40.44062	-79.99589
Customer Service Representative	Baltimore	MD	US	39.29038	-76.61219
Ad Operations - must relo to San Francisco, CA - czradHA	Hartford	CT	US	41.76371	-72.68509
Account Manager with Fortune 500 Healthcare Provider	Sebring	FL	US	27.49559	-81.44091
*TIME WARNER NEEDS 15 SALES AGENTS & 2 MANAGERS IMMEDIATELY*	Austin	TX	US	30.26715	-97.74306
Life insurance-Sales professionals wanted	Mendota Heights	MN	US	44.88358	-93.13827
MR 7363 IT Capital Markets VP Development Manager To $145,000.00	Jersey City	NJ	US	40.72816	-74.07764
Real Estate Sales Agent - New or Licensed	Naperville	IL	US	41.78586	-88.14729
Sales Management and Financial Services Agent	Los Gatos	CA	US	37.22661	-121.97468
Assembly opening	Mountainville	NY	US	41.401699	-74.079126
Product Development Manager	Minnesota City	MN	US	44.093056	-91.74422
RN Shift Supervisor	Reisterstown	MD	US	39.46955	-76.82942
Entry Level Customer Service Reps	New York	NY	US	40.71427	-74.00597
Production Operators	Port Huron	MI	US	42.97086	-82.42491
Outreach/Education/Volunteer Specialist for Rape Crisis Center	Lynn	MA	US	42.46676	-70.94949
Entry Level Sales and Marketing-Energy	Cincinnati	OH	US	39.162	-84.45689
Shipping Receiving Specialist	Anaheim	CA	US	33.83529	-117.9145
EMERGENCY Dept Nurses - ED/ER	Cape Coral	FL	US	26.56285	-81.94953
Drupal Developer	New York	NY	US	40.71427	-74.00597
CAN YOU CLOSE DEALS?	Highland Park	IL	US	42.18169	-87.80034
Senior Software Engineer (T253704)	Torrance	CA	US	33.83585	-118.34063
Recent College Graduates-Sales Manager Trainee	Smyrna	GA	US	33.88399	-84.51438
Shipping and Receiving Clerk	Saint Paul	MN	US	44.94441	-93.09327
Life Insurance Sales - Tremendous Growth Opportunity	Boston	MA	US	42.35843	-71.05977
Wine Sales Representative	Buffalo	NY	US	42.88645	-78.87837
Store Remodel	Destin	FL	US	30.39353	-86.49578
Now hiring recent grads!	Pittsburgh	PA	US	40.44062	-79.99589
Werner Enterprises Hiring Truck Drivers Now!	Nampa	ID	US	43.54072	-116.56346
Administrative Medical Receptionist / Coordinator	Schaumburg	IL	US	42.03336	-88.08341
Community Coordinator-International Students	Inkster	ND	US	48.1519444444	-97.6447222222
Regional Home weekly/weekends	Savannah	GA	US	32.08354	-81.09983
Software Developer / Programmer (Farmingdale, NY)	Farmingdale	NY	US	40.7326	-73.4454
Android Developer - Java - Crain's Top Places to Work in NYC	New York	NY	US	40.71427	-74.00597
Sales Executive/Publisher	Lewiston	ID	US	46.41655	-117.01766
Project Manager Agile Scrum PMP Healthcare	Baltimore	MD	US	39.29038	-76.61219
Grinders - 2nd shift	Plymouth	MN	US	45.01052	-93.45551
Final Expense Insurance Agents Wanted	Clinton	MS	US	32.34153	-90.32176
Sales - Outside Sales Representative - Account Manager	Palm City	FL	US	27.16783	-80.26616
Contract Sales Representatives	Denver	CO	US	39.73915	-104.9847
Inpatient Coder must have CCS or RHIA or RHIT Certificate Loc New York	Atlantic City	NJ	US	39.36428	-74.42293
13 week Contract RN's Needed ASAP	Morristown	NJ	US	40.79677	-74.48154
Class A Local Truck Driver Off Weekends	Charleston	WV	US	38.34982	-81.63262
ADVERTISING SALES EXECUTIVE - NEW MOBILE APP TECHNOLOGY	Norcross	GA	US	33.94121	-84.21353
NEW OPENINGS-CUSTOMER SERVICE RETAIL ASSOCIATES NEEDED	Overland Park	KS	US	38.98223	-94.67079
Data Analyst / Reports Developer must relo to SF,CA- czradOK	Thành phố Oklahoma	OK	US	35.5118127025	-97.0300757506
Team Lead Store Remodel - Merchandising / Fixture Install	Westbrook	ME	US	43.67703	-70.37116
Truck Drivers Wanted! Great Pay, Benefits & Sign-On Bonuses Available!	Alpharetta	GA	US	34.07538	-84.29409
Account Executive/Associate Publisher	Miami-Dade	FL	US	25.7741666667	-80.1936111111
INSURANCE AGENT - LICENSED P & C AND HEALTH AGENTS NEEDED	Fort Lauderdale	FL	US	26.12231	-80.14338
Restaurant Managers (GM and AM)	Edmonton	AB	CA	53.5338644422	-113.504141088
Field Service Technician-Nashville, TN	Nashville	TN	US	36.16589	-86.78444
Retail Merchandising Technician	Mccracken	KY	US	37.6107646226	-84.8403135826
Certified Nurse Practitioner or Physician Assistant	Charleston	SC	US	32.77657	-79.93092
Public Relations Assistant- Entry Level Marketing	Fort Lauderdale	FL	US	26.12231	-80.14338
Community Coordinator-International Students	Yakima	WA	US	46.60207	-120.5059
Vehicle Research Care Reliability Engineer	Columbus	OH	US	39.96118	-82.99879
Chemical Process Engineer - Process Optimization - Nevada	Elko	NV	US	40.83242	-115.76312
Preschool Teacher- Substitute (On-Call)	Fremont	CA	US	37.54827	-121.98857
Impaired Risk Life- Huge Niche Market!	Philadelphia	PA	US	39.95234	-75.16379
LEVEL 3 BUSINESS ANALYST - Public Sector	Peterborough	ON	US	42.884919	-71.95133
OTR Truck Driver Job Offers! Sign-On Bonuses Available!	Hammond	IN	US	41.58337	-87.50004
iOS / Mobile Developer	Southington	CT	US	41.605	-72.8791666667
CNA's All Shifts Available	Milwaukee	WI	US	43.0389	-87.90647
Siteminder Engineer	Atlanta	GA	US	33.749	-84.38798
Retail Customer Service - Full Time	Ocean	NJ	US	39.27762	-74.5746
Individual Giving Manager	Hartford	CT	US	41.76371	-72.68509
Post-doctoral Fellowship Research	Cary	NC	US	35.79154	-78.78112
Property Manager for East Toronto Portfolio (Residential Condominium)	Mississauga	ON	CA	43.5900802201	-79.6531352155
Welder- MIG & TIG	Manvel	TX	US	29.46274	-95.35799
MD, Entry Level Outside Sales of Social Media Management/45K+	Cockeysville	MD	US	39.48122	-76.64386
Customer Service Associate	Los Angeles	CA	US	34.05223	-118.24368
High Complexity Laboratory Director	Milwaukee	WI	US	43.0389	-87.90647
Full time job with Quest-global - Product Developmet Lead	East Hartford	CT	US	41.78232	-72.61203
PART TIME MERCHANDISER-Spokane, WA	Spokane	WA	US	47.65966	-117.42908
Community Coordinator-International Students	Wadsworth	NV	US	39.659593	-119.30527
Commerical Service Tech	Concord	CA	US	37.97798	-122.03107
Project Manager	Wilmington	DE	US	39.74595	-75.54659
Transit Planner - paid relo to Austin, TX -bzs20PO	Portland	CO	US	38.081	-107.701
Get In The Drivers Seat - Route Sales Management, Full Training	Winston-Salem	NC	US	36.09986	-80.24422
CDL Owner Operator - Western Runs - Sign On - Up To 68% Load Rev!	Santa Clara	CA	US	37.35411	-121.95524
Area Sales Director & Publisher	Norfolk	VA	US	36.84681	-76.28522
Sales Representative	Toronto	ON	CA	43.70011	-79.4163
Entry Level Sales-Business Developement/Management	Temple	TX	US	31.09823	-97.34278
Manager of Care Coordination	Eden Prairie	MN	US	44.85469	-93.47079
Security Sales - Special Events	Los Angeles	CA	US	34.05223	-118.24368
Entry Level Sales - Preset Appointments	East Point	GA	US	33.67955	-84.43937
EXPERIENCED Merchant Services Representative	Schaumburg	IL	US	42.03336	-88.08341
QUALITY ENGINEER	Glendale	AZ	US	33.53865	-112.18599
We are looking for CFOs with M and A experience	Reno	NV	US	39.52963	-119.8138
Account Executive	Las Vegas	NV	US	36.17497	-115.13722
CDL Truck Driver - Solo & Team Positions Available	Madison	WI	US	43.07305	-89.40123
Registered Nurse- Community Care Center	Yucaipa	CA	US	34.03362	-117.04309
Part Time Sales Associate	Cincinnati	OH	US	39.162	-84.45689
Restaurant Prepared Foods Area Manager	Rockville	MD	US	39.084	-77.15276
* ATTENTION Comcast, TWC, Charter Sales Reps & Leaders - READ NOW!	Bexar County	TX	US	29.45	-98.52
Independent Reps - Medical, Diagnostics, Pharmaceutical, Pharmacy	Jacksonville	FL	US	30.33218	-81.65565
Massage Therapist	Astoria	NY	US	40.7632586	-73.922846
Software Engineer 3	Pittsburgh	PA	US	40.44062	-79.99589
Inside Sales - Online Advertising	Grayslake	IL	US	42.34447	-88.04175
Prime inc. Now Hiring Drivers OTR Drivers in Your Area!	Bixby	OK	US	35.94204	-95.88332
Information Technology Specialist	Las Cruces	NM	US	32.31232	-106.77834
CDL Truck Driver - Regional - Excellent Home Time & Full Benefits!	Allen	TX	US	33.10317	-96.67055
SENIOR EXECUTIVE ASSISTANT (2 positions ) 85K and 120K	New York	NY	US	40.71427	-74.00597
ADVERTISING SALES EXECUTIVE - NEW MOBILE APP TECHNOLOGY	Lutz	FL	US	28.15112	-82.46148
Warehouse Handler / Professional Unloader	Dacula	GA	US	33.981721	-83.88302
Sick of Warehousing?	Cleveland	OH	US	41.4995	-81.69541
Truck Drivers - Ready to Own Your Own Truck? Hirschbach Hiring!	Brookline	MA	US	42.33176	-71.12116
Territory Sales Manager Needed	Kokomo	IN	US	40.48643	-86.1336
PLC Technicians	Charlotte	NC	US	35.22709	-80.84313
International Exchange Student Coordinator	Livingston	MT	US	45.66244	-110.56104
Educators/Trainers wanted to conduct K-12 teacher staff development	St. Louis	MO	US	38.62727	-90.19789
Life insurance sales agent/agencies wanted	Bloomsburg	PA	US	41.0037	-76.45495
Architectural Drafter / Designer - AutoCAD - SR 14-15344	Park Ridge	IL	US	42.01114	-87.84062
Process Engineer Soybean - paid relo to St. Joseph, MO - rzf28612DT	Detroit	MI	US	42.33143	-83.04575
Corporate Gifting/ Exit Representative	Scottsdale	AZ	US	33.50921	-111.89903
SharePoint Applications Developer Sr.	Seattle	WA	US	47.60621	-122.33207
Dedicated I-5 rte. Home weekly. Ready made TEAM CDL-A.	Seattle	WA	US	47.60621	-122.33207
Shipping/Driver (Central New Jersey)	East Windsor	NJ	US	40.258944	-74.532793
Want to make a difference? - Community Navigators Wanted	Washington	DC	US	38.8951111111	-77.0366666667
Power/Utility Industry Sales Director:SCADA-Electronic Control Systems	Newark	NJ	US	40.73566	-74.17237
Account Manager - Entry Level	Charleston	SC	US	32.77657	-79.93092
CDL-A Truck Driver - LTL - Solo or Team Positions - Sign-On Bonus	Cherry Hill	NJ	US	39.93484	-75.03073
Oracle Supply Chain Management - Manager	Charlotte	NC	US	35.22709	-80.84313
Customer Service for Event Marketing Firm - Training Provided	Green Bay	WI	US	44.51916	-88.01983
Medium Voltage Drives Support Engineer (PK)	Arden	NC	US	35.459869	-82.54142
Great OTR and Local Truck Drivers! Benefits, Home Time and Bonus Pay!	Plano	TX	US	33.01984	-96.69889
Project Manager/ Scrum Master (mobile/games/analytics)	San Francisco	CA	US	37.77493	-122.41942
Insurance Agent	La Habra	CA	US	33.93196	-117.94617
TRUCK DRIVER, HOME BETWEEN LOADS, OFF WEEKENDS, & HUGE SIGN ON BONUS	Paducah	KY	US	37.08339	-88.60005
Work on Environmental Campaigns and Get Great DC Experience!	Washington	DC	US	38.8951111111	-77.0366666667
Now hiring recent grads!	Little Rock	AR	US	34.74648	-92.28959
Calling for resumes - Commercial Plumbers!	New York	NY	US	40.71427	-74.00597
Manufacturing Production Process Engineer	Thomasville	NC	US	35.88264	-80.08199
Retail Sales/CSR- Management Trainee	Fond du Lac	WI	US	43.775	-88.43883
Life insurance sales agent/agencies wanted	Bloomfield Township	MI	US	42.5763888889	-83.2669444444
Restaurant & Retail Exp. Wanted	Cocoplum	FL	US	28.1346699366	-81.9650676587
EXPERIENCED SALES REPRESENTATIVE	Salt Lake City	UT	US	40.76078	-111.89105
Federal Income Tax Specialist - paid relo to Bartlesville, OK- bzs29RA	Raleigh	NC	US	35.7721	-78.63861
Life insurance-Sales professionals wanted	Hudson	MA	US	42.39176	-71.56618
AUTO SERVICE TECHNICIANS, NORTH FULTON KIA, NOT APPRECIATED?	Roswell	GA	US	34.02316	-84.36159
Restaurant Assistant Manager	Farmington	NM	US	36.72806	-108.21869
EXPERIENCED Merchant Services Representative	Schaumburg	IL	US	42.03336	-88.08341
Field Service Engineer-paid relo to Houston, TX-bzs9015CH	Cincinnati	OH	US	39.162	-84.45689
Production Supervisor	Toronto	ON	CA	43.70011	-79.4163
Insurance Agent: 8-10 FREE pre-set appointments scheduled WEEKLY!	Tampa	FL	US	27.94752	-82.45843
Mid-Level Frontend Developer in Chicago, IL	Chicago	IL	US	41.85003	-87.65005
Marketing Manager-Catalog-paid relo to Bethlehem, PA-fjbraBO	Boston	MA	US	42.35843	-71.05977
Sales Trainee- IT Computer Support/Service Firm-Earn from $50-$75K+	Kendall	FL	US	25.67927	-80.31727
Temp. Jr. - Mid Level Marketing Analyst in San Francisco	San Francisco	CA	US	37.77493	-122.41942
Hardware Field Specialist Technician-183	College Station	TX	US	30.62798	-96.33441
Store Sales Leader	Bel Air	MD	US	39.53594	-76.34829
Great OTR and Local Truck Drivers! Benefits, Home Time and Bonus Pay!	Yerington	NV	US	38.94675	-119.11544
CDL Owner Operator - Dedicated, Local, Regional or Long Haul	Seymour	IN	US	38.95922	-85.89025
Customer Delivery Teammate	Mattoon	IL	US	39.48309	-88.37283
Accounts Payable Clerk	Vancouver	BC	CA	49.24966	-123.11934
Outside Sales Representative	Nassau County	NY	US	40.7472222222	-73.6380555556
Area Sales Director & Publisher	Yorktown	VA	US	37.242918	-76.53677
High quality of life Family Practice position	Troy	AL	US	31.80877	-85.96995
Director, State Pharmacy - paid relo to Columbia, SC - bzs6723PX	Phoenix	AZ	US	33.44838	-112.07404
COMPANY SOLOS AND TEAMS LOVE 99.8% NO-TOUCH FREIGHT!	Boston	MA	US	42.35843	-71.05977
Entry Level Director of Sales and Marketing Communications - Full Time	Reston	VA	US	38.96872	-77.3411
Sales Associate	Sacramento	CA	US	38.58157	-121.4944
Class A Yard Driver Hourly Pay Rate Off Sat/Sun/Mon	Pittston	PA	US	41.32591	-75.78936
Outside Sales Representative	Boise	ID	US	43.6135	-116.20345
Life insurance-Sales professionals wanted	Cottage Grove	WI	US	43.07611	-89.19956
Director of Emergency Department - paid relo to Kingman, AZ - bzs550PH	Philadelphia	PA	US	39.95234	-75.16379
Truck Driver - Entry-Level - Local CDL Training	Columbia	MD	US	39.24038	-76.83942
Solutions Architect	Any State		US	42.2205292525	-75.142280922
Systems Analyst-Security Analyst-paid relo to Hartford, CT-bzs8885SE	Seattle	WA	US	47.60621	-122.33207
EH&S Manager	Faribault	MN	US	44.29496	-93.26883
Outside Sales Representative	Nashville	TN	US	36.16589	-86.78444
CISCO CALL CENTER ENGINEER	Mt. Laurel	NJ	US	39.934	-74.891
Controller	Tulsa	OK	US	36.15398	-95.99278
Life insurance-Sales professionals wanted	Charter Oak	CA	US	34.10306	-117.84589
On Call Direct Support Professional (emeryville)	Alameda County	CA	US	37.65	-121.91
Pediatric Nurse Practitioner - PNP - *Relocate to Columbus, GA*	Stillmore	GA	US	32.439708	-82.22278
Call Agents- 1 Position Left-Inbound Only-Remote Position	Amarillo	TX	US	35.222	-101.8313
Maintenance Technician 3, Leatherman	Portland	OR	US	45.52345	-122.67621
Marketing Manager FirstFruits Marketing Washington	Wenatchee	WA	US	47.42346	-120.31035
Advanced Web Developer - .Net, WCF, LINQ, C#, ASP.Net - Topeka, KS	Topeka	KS	US	39.04833	-95.67804
Retail Sales - Cosmetics	Brooklyn	NY	US	40.6501	-73.94958
OTR and Local Truck Driver Jobs! Up to $7,500 Sign-On Bonuses!	Valley City	ND	US	46.92331	-98.00315
Packer, Loader, Palletizer, TicketerS and Auditors	San Bernardino	CA	US	34.10834	-117.28977
Outside Sales Executive	Houston	TX	US	29.76328	-95.36327
Private Caregiver Needed Livingston, TX- March 28,29	Livingston	TX	US	30.71103	-94.93299
Experienced Charity Residential Callers	Cary	NC	US	35.79154	-78.78112
Rail Infrastructure- Design Program Manager	Washington	DC	US	38.8951111111	-77.0366666667
Insurance Agent	Laurinburg	NC	US	34.77405	-79.46282
Accounts Payable Clerk	Cincinnati	OH	US	39.162	-84.45689
Manufacturing Engineer - Automotive	Montgomery	AL	US	32.36681	-86.29997
General Labor BI-LINGUAL SPANISH REQUIRED	Carrollton	TX	US	32.95373	-96.89028
Customer Service Representative	Signal Hill	CA	US	33.80446	-118.16785
Be your own boss	Phoenix	AZ	US	33.44838	-112.07404
Truck Drivers Wanted! Great Pay, Benefits & Sign-On Bonuses Available!	Belle Fourche	SD	US	44.67137	-103.85215
Insurance Representative - Financial Services Sales	Zanesville	OH	US	39.94035	-82.01319
Supply Chain/Procurement Executive Recruiter	Woodbury	NY	US	41.36454	-74.10598
Accounting	Austin	TX	US	30.26715	-97.74306
Calling all Former Military and Athletes - New Career Opportunity	Fort Myers	FL	US	26.62168	-81.84059
The Results Companies is now hiring!	Corpus Christi	TX	US	27.80058	-97.39638
ONLY 5 POSITIONS LEFT! SALES REPS NEEDED! BASE+TOP COMMISSIONS!	Culver City	CA	US	34.02112	-118.39647
Restaurant & Retail Exp. Wanted	Miami Springs	FL	US	25.82232	-80.2895
CDL Truck Driver - Solo & Team Positions Available	Gulfport	MS	US	30.36742	-89.09282
Owner Operator - CDL Driver - Excellent Opportunities Available	Sugar Land	TX	US	29.61968	-95.63495
Commercial Insurance Sales	Georgetown	TX	US	30.63269	-97.67723
AVP IT Lead Knowledge Manager	Warren	NJ	US	40.60822	-74.51803
Field Service Technician Merrillville, IN, USA	Merrillville	IN	US	41.48281	-87.33281
Area College Scout	Ann Arbor	MI	US	42.27756	-83.74088
Part Time B2B Outside Sales Rep - Confirmed Group Presentations	West Palm Beach	FL	US	26.71534	-80.05337
Community Manager Intern - must relo to SF, CA - czradRI	Richmond	VA	US	37.55376	-77.46026
Western Regional Driving Job, Home Weekly usually Weekends	St. George	UT	US	37.10415	-113.58412
Community Coordinator-International Students	Hico	TX	US	31.944207	-98.02763
Operations Manager Trainee - New Orleans (Y23AG)	New Orleans	LA	US	29.95465	-90.07507
* 15 AGENTS & 2 MANAGERS NEEDED TO START IMMEDIATELY FOR AT&T! *	Arlington	TX	US	32.73569	-97.10807
Outside Sales Representative	Salt Lake City	UT	US	40.76078	-111.89105
Retail Merchandiser	Klamath Falls	OR	US	42.22487	-121.78167
Life insurance-Sales professionals wanted	Charles City	IA	US	43.06636	-92.67241
PTL Hiring Truck Drivers! Sign-On Bonus! Hiring in Your Area!	Escambia	FL	US	30.61	-87.33
QA Analyst - Automation experience is required	Dallas	TX	US	32.78306	-96.80667
Pastry Chef	Carlstadt	NJ	US	40.84038	-74.0907
Chemotherapy Registered Nurse (RN)	Queens	NY	US	40.75	-73.8666666667
Nurse Practitioner - Interventional Pain Management - New Grads OK!	Lake City	FL	US	30.18968	-82.63929
CNC Machinist	Turlock	CA	US	37.49466	-120.84659
Copier Technician	Bellaire	OH	US	40.01558	-80.76343
Merchant Services - New Technology - Commissions Up To 1,250 BPS	St. Peters	MO	US	38.80033	-90.62651
Regional Truck Driver Position Open $1000.00 sign on bonus	Front Royal	VA	US	38.91817	-78.19444
Pharmaceutical Sales Rep-Raleigh, NC	Raleigh	NC	US	35.7721	-78.63861
SAP Data Analyst	Irvine	CA	US	33.66946	-117.82311
Part-time Warehouse Attendant- Wichita	Wichita	KS	US	37.69224	-97.33754
O'Niell's Floor Manager	Albuquerque	NM	US	35.08449	-106.65114
Local drivers needed-home daily-sign on bonus	Framingham	MA	US	42.27926	-71.41617
Manager Capital Projects gas dehydration required. Location Mi & PA	Baton Rouge	LA	US	30.45075	-91.15455
Sales - Outside Sales Representative - Account Manager	Federal Way	WA	US	47.32232	-122.31262
General Warehouse Associate	Orange	CA	US	33.78779	-117.85311
Medical Biller	Somerset	NJ	US	40.4976	-74.48849
Perl Software Engineer-paid relo to Oklahoma City, OK- NJob18SJ	San Jose	CA	US	37.33939	-121.89496
TRUCK DRIVER, HOME BETWEEN LOADS, OFF WEEKENDS, & HUGE SIGN ON BONUS	North Platte	NE	US	41.12389	-100.76542
Merchant Services - New Technology - Commissions Up To 1,250 BPS	Cypress	TX	US	29.96911	-95.69717
A GREAT WORK AT HOME OPPORTUNITY!	Pittsburgh	PA	US	40.44062	-79.99589
Dentist Part Time	University Area	AK	US	61.4367897641	-152.111787264
Web Developer	Mountain View	CA	US	37.38605	-122.08385
Senior DevOps Engineer - Puppet - Socially Responsible, Well-Funded Startup	New York	NY	US	40.71427	-74.00597
Client Services Manager	New York	NY	US	40.71427	-74.00597
Outside Sales Account Executive - Chicago, IL - Chicagoland	Chicago	IL	US	41.85003	-87.65005
Credit & Collections Leader	Overland Park	KS	US	38.98223	-94.67079
Sr. Civil Engineer-IDOT, Tollway- Midwest cities, IL	Peoria	IL	US	40.69365	-89.58899
Life insurance-Sales professionals wanted	Isanti	MN	US	45.49024	-93.24773
Senior Engineer & Principal Engineer (Medical Device) (JP#I2765_I2905)	Thousand Oaks	CA	US	34.17056	-118.83759
Project Manager	Eatontown	NJ	US	40.29622	-74.05097
General Ledger Accountant	Redwood City	CA	US	37.48522	-122.23635
Life insurance-Sales professionals wanted	Mims	FL	US	28.66527	-80.84478
Outside Sales Representative	Spokane	WA	US	47.65966	-117.42908
NEED ENERGY PRO?	New Rochelle	NY	US	40.91149	-73.78235
Project Manager - Overseas U.S. Government/Federal Construction	Washington	DC	US	38.8951111111	-77.0366666667
Administrative Assistant - degreed!	Irvine	CA	US	33.66946	-117.82311
Director of Human Resources (Japan/USA Trade)	Arlington Heights	IL	US	42.08836	-87.98063
Sales and Service Representative	Shrewsbury	NJ	US	40.329128	-74.06315
Loan Officer	Pasadena	CA	US	34.14778	-118.14452
Class A Truck Driver $2500.00 signon bonus	Stockton	CA	US	37.9577	-121.29078
Equestrian & Horseback Staff	Honesdale	PA	US	41.60032	-75.25102
Dynamic Outside Sales Professional	Denton	TX	US	33.21484	-97.13307
CDL Truck Driver - Grocery Store Supply Chain - Home Daily!	Clinton	SC	US	34.47263	-81.88066
Commercial Electrician	Milwaukee	WI	US	43.0389	-87.90647
Local Account Executives and Publishers	Merrillville	IN	US	41.48281	-87.33281
Account Executive/Associate Publisher	Greenville	SC	US	34.85262	-82.39401
Community Coordinator-International Students	Prescott	AZ	US	34.54002	-112.4685
Sales Operational Manager 3118437D00.	Long Beach	CA	US	33.76696	-118.18923
Account Executive/Associate Publisher	Daytona Beach	FL	US	29.21081	-81.02283
Community Coordinator-International Students	Iron Mountain	MI	US	45.82023	-88.06596
Retail Marketing Manager - paid relo to Allentown PA - frzconWA	Washington	DC	US	38.8951111111	-77.0366666667
Registered Retirement Consultant	Charlotte	NC	US	35.22709	-80.84313
Solar Sales Professionals	San Diego	CA	US	32.71533	-117.15726
Natural Gas Engineers with (EPC) Urgent Milford Pa Urgent need	Charleston	WV	US	38.34982	-81.63262
Senior .NET Developer – Web & Mobile Platforms – Over $90M in Funding	New York	NY	US	40.71427	-74.00597
MEDICAL RECORD RETRIEVAL SPECIALIST	West Palm Beach FL	FL	US	26.71534	-80.05337
Dental Sales Representative (MD-Baltimore) - 7978	Baltimore	MD	US	39.29038	-76.61219
Welders, Millwrights, Multi-craft for Traveling Industrial Shutdowns	Columbus	OH	US	39.96118	-82.99879
Do you like to HAVE FUN AT WORK? - Bay Area - Stanford Shopping Center	Palo Alto - BR	CA	US	37.44188	-122.14302
Web Developer - #4689	Washington	DC	US	38.8951111111	-77.0366666667
Class A Truck Driver w/ 3months experience? $2500 bonus	Memphis	TN	US	35.14953	-90.04898
entry level, Talent Acquisition Specialist	Lynn	MA	US	42.46676	-70.94949
Customer Delivery Teammate	Raleigh	NC	US	35.7721	-78.63861
Solution Specialist	Duncan	OK	US	34.5023	-97.95781
NEED EXPERIENCED HEALTH SCREENERS FOR BIO METRIC HEALTH SCREENING CLIN	Dover	TN	US	36.477136	-87.85877
Independent Reps - Medical, Diagnostics, Pharmaceutical, Pharmacy	Elkhart	IN	US	41.68199	-85.97667
Free Truck Driver School With Job Placement	Santa Barbara	CA	US	34.42083	-119.69819
Sales Trainee- IT Computer Support/Service Firm-Earn from $50-$75K+	Doral	FL	US	25.81954	-80.35533
CDL Truck Driver - Local Position	Houston	TX	US	29.76328	-95.36327
Sr.Software engineer - paid relo to Chicago, IL-bzs7117SY	Syracuse	NY	US	43.04812	-76.14742
CDL Truck Driver - Local, Regional & Long Haul - Excellent Pay & Benefits!	Queens	NY	US	40.75	-73.8666666667
ASC NURSING: Pre/Op, PACU, and OR	Dallas	TX	US	32.78306	-96.80667
Life insurance sales agent/agencies wanted	Almaville	TN	US	35.803624301	-86.4053627637
TSC Chemical - Class A CDL Drivers & O/O - Local, Regional & OTR	Naperville	IL	US	41.78586	-88.14729
CDL Truck Driving Instructor - Class-A Required - Immediate Openings	Fishers	IN	US	39.95559	-86.01387
ADVERTISING SALES EXECUTIVE - NEW MOBILE APP TECHNOLOGY	Mendocino	CA	US	39.311858	-123.79166
Inpatient Coder must have CCS or RHIA or RHIT Certificate Loc New York	Chicago	IL	US	41.85003	-87.65005
Mechanical Designer	Farmingdale	NY	US	40.7326	-73.4454
Wireless Test Engineer	Montreal	QC	CA	45.50884	-73.58781
District Manager Metabolics - Oklahoma City	Oklahoma City	OK	US	35.46756	-97.51643
Keep up with the Jones's! Class A CDL Solos & Teams Needed!	Syracuse	NY	US	43.04812	-76.14742
Experienced Professional Fundraisers Wanted!	Atlanta	GA	US	33.749	-84.38798
Sr. Java Developer	Columbia	MD	US	39.24038	-76.83942
Hiring Regional, Dedicated Drivers - Van, Flatbed, Reefer, Tanker	Des Moines	IA	US	41.60054	-93.60911
OTR and Local Truck Driver Jobs! Up to $7,500 Sign-On Bonuses!	Charleston	WV	US	38.34982	-81.63262
Store Remerch - Nights	Chicago	IL	US	41.85003	-87.65005
Senior Web Developer	New Cumberland	PA	US	40.23231	-76.8847
SUPPORT MERCHANDISER-South Haven, MI	South Haven	MI	US	42.403593	-86.24912
Dynamic Outside Sales Professional	Duluth	MN	US	46.78327	-92.10658
Dental Office Manager Work From Anywhere	New York	NY	US	40.71427	-74.00597
Community Coordinator-International Students	Berlin	ND	US	46.362812	-98.48404
Facilitator	Holland	MI	US	42.78752	-86.10893
Dedicated Regional Class A Truck Driver - Home Weekly!	Wichita	KS	US	37.69224	-97.33754
Cashier	Anne Arundel County	MD	US	39.0	-76.6
Account Executive/Associate Publisher	Jacksonville	NC	US	34.75405	-77.43024
Dentist $Top	Plant City	FL	US	28.01863	-82.11286
PROJECT MANAGER - QPM - QUALITY ASSURANCE	Horsham	PA	US	40.17844	-75.12851
Medicare DME Billing Specialist	La Verne	CA	US	34.10084	-117.76784
Entry Level - Sales and Marketing	Miami Springs	FL	US	25.82232	-80.2895
Sr Software Integration Engineer 5799	Burlington	MA	US	42.50482	-71.19561
Part-Time Concierge	Arlington	VA	US	38.88101	-77.10428
Benefit Account Manager - Insurance (Experienced)	North Miami Beach	FL	US	25.93315	-80.16255
Territory Sales Manager- Start immediately for the right person!	Columbus	OH	US	39.96118	-82.99879
SIGN ON BONUSES! TMC Transportation Hiring CDL OTR Truck Drivers	Frankfort	KY	US	38.20091	-84.87328
General Manager - New York - National Corporate Housing	New York	NY	US	40.71427	-74.00597
Branding Designer	Palo Alto	CA	US	37.44188	-122.14302
ADVERTISING SALES EXECUTIVE - NEW MOBILE APP TECHNOLOGY	San Antonio	TX	US	29.42412	-98.49363
Director of Nursing - Ortho, Spine and Neuro	Atlanta	GA	US	33.749	-84.38798
Ex-Civic Development Group Callers Wanted	WOODRIDGE	NJ	US	40.84566	-74.08792
Sign Installer	Houston	TX	US	29.76328	-95.36327
Project Manager	Ellington	CT	US	41.90399	-72.46981
Patient Service Center Territory Manager	Midland TX	TX	US	31.99735	-102.07791
Restaurant Managers, Assistant Managers, Las Vegas, NV	Las Vegas	NV	US	36.17497	-115.13722
Processing Machine Operator	Lafayette	LA	US	30.22409	-92.01984
Estimator - Oil & Gas	Houston	TX	US	29.76328	-95.36327
Sr. Project Engineer/Project Engineer	Xenia	OH	US	39.68478	-83.92965
Retail Selling Specialist	Arlington	TX	US	32.73569	-97.10807
Customer service/Sales rep for a Sports Photography Company	Fort Worth	TX	US	32.72541	-97.32085
Marketing Communications Assistant	Detroit	MI	US	42.33143	-83.04575
OTR and Local Truck Driver Jobs! Up to $7,500 Sign-On Bonuses!	North Charleston	SC	US	32.88856	-80.00751
CDL Truck Driver - Regional Lanes - Frequent Home Time	Reading	PA	US	40.33565	-75.92687
TRUCK DRIVER, HOME BETWEEN LOADS, OFF WEEKENDS, & $6000 SIGN ON BONUS!	Chesterfield	MO	US	38.66311	-90.57707
FULL TIME Entry Level Positions AVAILABLE NOW	Orlando	FL	US	28.53834	-81.37924
General Labor	Mount Holly	NJ	US	39.99289	-74.78766
Entry Level Sales - Preset Appointments	Newport News	VA	US	36.97876	-76.428
House Cleaning	Austin	TX	US	30.26715	-97.74306
Federal Civilian Senior Account Director	Chantilly	VA	US	38.89428	-77.4311
Sick of $400 paychecks?	Cincinnati	OH	US	39.162	-84.45689
Now Hiring Class A Truck Driver - $2,500 Sign on Bonus!	Birmingham	AL	US	33.52066	-86.80249
Looking for People with an Entrepreneurial Mindset that 1%	Perrysburg	OH	US	41.557	-83.62716
Trainee Program-Earn $75-100K+ IT/Technical Firm will Train You!	Coral Gables	FL	US	25.72149	-80.26838
Director of Marketing, Community Liason	Bridgeport	CT	US	41.16704	-73.20483
Life insurance sales agent/agencies wanted	Columbus	GA	US	32.46098	-84.98771
Life insurance-Sales professionals wanted	Cambridge	MN	US	45.57274	-93.22439
Senior Quality Assurance Engineer	New York	NY	US	40.71427	-74.00597
Entry Level Outside Sales Reps Needed - $50k Leads Provided	Oklahoma City	OK	US	35.46756	-97.51643
Entry Level Sales Representative	Dayton	OH	US	39.75895	-84.19161
Medicare Agents Work From Home Selling Life Insurance Leads Provided	Jackson	MS	US	32.29876	-90.18481
CDL Truck Driver - Regional and OTR - $1500 Sign On Bonus!	Plant City	FL	US	28.01863	-82.11286
Store Remerch - Nights	Glendale	AZ	US	33.53865	-112.18599
B2B Inside Sales w/dynamic established company	Chicago	IL	US	41.85003	-87.65005
Owner Operator - Class A - Excellent Pay - Great Home Time!	Meriden	CT	US	41.53815	-72.80704
Licensed Psychologist	Manitowoc	WI	US	44.08861	-87.65758
Local Truck Driver CDL A: Home Daily	Birmingham	AL	US	33.52066	-86.80249
In Home Sales, Pre-Approved Presets, $2500-$3500/week + Bonuses	Nashville	TN	US	36.16589	-86.78444
Outside Sales Representative	Birmingham	AL	US	33.52066	-86.80249
Truck Driver - Greeley Fleet - OTR - Regional Possible	Garland	TX	US	32.91262	-96.63888
CDL Class A Truck Driver- Chino CA	Chino	CA	US	34.01223	-117.68894
Retail Merchandising - Project Manager - Cincinnati, OH	Cincinnati	OH	US	39.162	-84.45689
OTR Driver	Natchez	MS	US	31.56044	-91.40317
Continuous Improvement Manager - Centralia, IL	Jackson	MS	US	32.29876	-90.18481
PART TIME MERCHANDISER-Cleveland, TN	Cleveland	TN	US	35.15952	-84.87661
Life insurance-Sales professionals wanted	Chatham	IL	US	39.67616	-89.70454
Mainframe Maintenance & Support Engineer	West Bend WI	WI	US	43.42528	-88.18343
Outside Sales Executive	Hopkinsville	KY	US	36.8656	-87.48862
CUSTOMER SERVICE REPS WANTED FOR AT&T!	Dallas	TX	US	32.78306	-96.80667
Marketing Associate & Management Trainee	Saint Paul	MN	US	44.94441	-93.09327
Experienced Telemarketing Sales	Pittsburgh	PA	US	40.44062	-79.99589
Inside Mortgage Loan Officer	New York	NY	US	40.71427	-74.00597
We Need A Dedicated Route Driver - Weekly Home Time & Benefits!	Statesville	NC	US	35.78264	-80.8873
Public Safety Officer	Kansas City	MO	US	39.09973	-94.57857
Construction Project Manager	Springfield	VA	US	38.78928	-77.1872
Life insurance-Sales professionals wanted	Progress	PA	US	40.28509	-76.83136
Product Demonstrators/Event Specialists	Augusta	ME	US	44.31062	-69.77949
Truck Drivers - Ready to Own Your Own Truck? Hirschbach Hiring!	Weirton	WV	US	40.41896	-80.58952
Restaurant District Supervisor	Bryan	TX	US	30.67436	-96.36996
Trainee Program-Earn $75-100K National Computer Firm will Train You!	Boca Raton	FL	US	26.35869	-80.0831
Assistant Account Executive	Baltimore	MD	US	39.29038	-76.61219
Social Media Manager - paid relo to Allentown PA -frzconSD	San Diego	CA	US	32.71533	-117.15726
Account Executive	San Francisco	CA	US	37.77493	-122.41942
Electrical Engineer- PCB-DSGN, BOM- Connecticut	Hartford	CT	US	41.76371	-72.68509
CDL Truck Driver - Regional Lanes - Home Weekly - Sign On Bonus	Battle Creek	MI	US	42.32115	-85.17971
Sales/Marketing Positions * Immediate Hire * Guaranteed pay *	Edison	NJ	US	40.51872	-74.4121
Life insurance-Sales professionals wanted	Prescott Valley	AZ	US	34.58941	-112.32525
Process Engineer	Morristown	NJ	US	40.79677	-74.48154
PHYSICAL THERAPY ASSISTANT-PTA	Spring Hill	FL	US	28.47688	-82.52546
Copier Field Service Technician	Saint Paul	MN	US	44.94441	-93.09327
Physician Assistant – Surgical First Assistant (Operating Room)	Santa Rosa	CA	US	38.44047	-122.71443
Regional Driver - Home Most Weekends	Savannah	GA	US	32.08354	-81.09983
Business Systems Analyst MVC SaaS	Washington	DC	US	38.8951111111	-77.0366666667
Community Coordinator-International Students	Manchester	MO	US	38.597	-90.50929
Communication Specialist	Hernando	FL	US	28.89998	-82.37454
TRUCK DRIVER, HOME BETWEEN LOADS, OFF WEEKENDS, & HUGE SIGN ON BONUS	Portage	MI	US	42.20115	-85.58
CDL Truck Driver - Team Division - Excellent Pay & Benefits	Bridgeport	CT	US	41.16704	-73.20483
*Psychiatric Nurse - PRN	State College	PA	US	40.7934	-77.86
Community Coordinator-International Students	Noonan	ND	US	48.857983	-103.03833
Staff Accountant	Los Angeles	CA	US	34.05223	-118.24368
Pharmaceutical Sales Rep – Oncology Products (Entry level & Exp.)	Hartford	CT	US	41.76371	-72.68509
Clinical Trial Mgr / CTM III / Full Time / SF Bay Area	San Francisco	CA	US	37.77493	-122.41942
Insurance Producer/Team Manager	Nashville	TN	US	36.16589	-86.78444
Resume Screener, Job Posting Specialist	Mountain View	CA	US	37.38605	-122.08385
Systems Engineer	Madison	WI	US	43.07305	-89.40123
International Exchange Student Coordinator	Atlanta	GA	US	33.749	-84.38798
RELIABILITY ENGINEER	Connecticut	CT	US	41.5512824888	-72.8142476816
Retail Sales Associates Needed	Niles	OH	US	41.18284	-80.76536
ADVERTISING SALES EXECUTIVE - NEW MOBILE APP TECHNOLOGY	Columbus	IN	US	39.20144	-85.92138
CDL Truck Driver - Flex Home Time - Immediate Opportunities	Hollywood	FL	US	26.0112	-80.14949
OTR and Local Truck Driver Jobs! Up to $7,500 Sign-On Bonuses!	Belle Fourche	SD	US	44.67137	-103.85215
Prime inc. Now Hiring Drivers OTR Drivers in Your Area!	Dunwoody	GA	US	33.94621	-84.33465
General Manager	Sarnia	ON	CA	42.9692571267	-82.3956797134
Home Manager	Columbus	OH	US	39.96118	-82.99879
EXPERIENCED MERCHANT SERVICES REPRESENTATIVE	Joliet	IL	US	41.52503	-88.08173
Life insurance-Sales professionals wanted	Gages Lake	IL	US	42.35169	-87.98258
Truck Driver - Regional Dedicated Route - Avg 60-65k per year!	Olympia	WA	US	47.03787	-122.9007
CDL Truck Driver - Team Division - Excellent Pay & Benefits!	Pembroke Pines	FL	US	26.00315	-80.22394
Local Class A & C Truck Driver- Texas City TX	Texas City	TX	US	29.38384	-94.9027
Leasing Associate For Greentree Apartments - Starts in March	Huntington	WV	US	38.41925	-82.44515
